execution,wrhs_batch,BUCKET,task,Dependency
1,1,1,PDF_CHUNK1,ROOT_PDF_CHUNK1
1,1,2,PDF_CHUNK2,ROOT_PDF_CHUNK1
1,1,3,PDF_CHUNK3,ROOT_PDF_CHUNK1
1,1,4,PDF_CHUNK4,ROOT_PDF_CHUNK1
1,1,5,PDF_CHUNK5,ROOT_PDF_CHUNK1
1,1,6,PDF_CHUNK6,ROOT_PDF_CHUNK1
1,1,7,PDF_CHUNK7,ROOT_PDF_CHUNK1
1,1,8,PDF_CHUNK8,ROOT_PDF_CHUNK1
1,1,9,PDF_CHUNK9,ROOT_PDF_CHUNK1
1,1,10,PDF_CHUNK10,ROOT_PDF_CHUNK1
2,1,11,PDF_CHUNK11,ROOT_PDF_CHUNK1
2,1,12,PDF_CHUNK12,ROOT_PDF_CHUNK1
2,1,13,PDF_CHUNK13,ROOT_PDF_CHUNK1
2,1,14,PDF_CHUNK14,ROOT_PDF_CHUNK1
2,1,15,PDF_CHUNK15,ROOT_PDF_CHUNK1
2,1,16,PDF_CHUNK16,ROOT_PDF_CHUNK1
2,1,17,PDF_CHUNK17,ROOT_PDF_CHUNK1
2,1,18,PDF_CHUNK18,ROOT_PDF_CHUNK1
2,1,19,PDF_CHUNK19,ROOT_PDF_CHUNK1
2,1,20,PDF_CHUNK20,ROOT_PDF_CHUNK1
3,1,21,PDF_CHUNK21,PDF_CHUNK1
3,1,22,PDF_CHUNK22,PDF_CHUNK2
3,1,23,PDF_CHUNK23,PDF_CHUNK3
3,1,24,PDF_CHUNK24,PDF_CHUNK4
3,1,25,PDF_CHUNK25,PDF_CHUNK5
3,1,26,PDF_CHUNK26,PDF_CHUNK6
3,1,27,PDF_CHUNK27,PDF_CHUNK7
3,1,28,PDF_CHUNK28,PDF_CHUNK8
3,1,29,PDF_CHUNK29,PDF_CHUNK9
3,1,30,PDF_CHUNK30,PDF_CHUNK10
4,1,31,PDF_CHUNK31,PDF_CHUNK11
4,1,32,PDF_CHUNK32,PDF_CHUNK12
4,1,33,PDF_CHUNK33,PDF_CHUNK13
4,1,34,PDF_CHUNK34,PDF_CHUNK14
4,1,35,PDF_CHUNK35,PDF_CHUNK15
4,1,36,PDF_CHUNK36,PDF_CHUNK16
4,1,37,PDF_CHUNK37,PDF_CHUNK17
4,1,38,PDF_CHUNK38,PDF_CHUNK18
4,1,39,PDF_CHUNK39,PDF_CHUNK19
4,1,40,PDF_CHUNK40,PDF_CHUNK20
5,1,41,PDF_CHUNK41,PDF_CHUNK21
5,1,42,PDF_CHUNK42,PDF_CHUNK22
5,1,43,PDF_CHUNK43,PDF_CHUNK23
5,1,44,PDF_CHUNK44,PDF_CHUNK24
5,1,45,PDF_CHUNK45,PDF_CHUNK25
5,1,46,PDF_CHUNK46,PDF_CHUNK26
5,1,47,PDF_CHUNK47,PDF_CHUNK27
5,1,48,PDF_CHUNK48,PDF_CHUNK28
5,1,49,PDF_CHUNK49,PDF_CHUNK29
5,1,50,PDF_CHUNK50,PDF_CHUNK30
6,1,51,PDF_CHUNK51,PDF_CHUNK31
6,1,52,PDF_CHUNK52,PDF_CHUNK32
6,1,53,PDF_CHUNK53,PDF_CHUNK33
6,1,54,PDF_CHUNK54,PDF_CHUNK34
6,1,55,PDF_CHUNK55,PDF_CHUNK35
6,1,56,PDF_CHUNK56,PDF_CHUNK36
6,1,57,PDF_CHUNK57,PDF_CHUNK37
6,1,58,PDF_CHUNK58,PDF_CHUNK38
6,1,59,PDF_CHUNK59,PDF_CHUNK39
6,1,60,PDF_CHUNK60,PDF_CHUNK40
7,1,61,PDF_CHUNK62,PDF_CHUNK41
7,1,62,PDF_CHUNK63,PDF_CHUNK42
7,1,63,PDF_CHUNK64,PDF_CHUNK43
7,1,64,PDF_CHUNK65,PDF_CHUNK44
7,1,65,PDF_CHUNK66,PDF_CHUNK45
7,1,66,PDF_CHUNK67,PDF_CHUNK46
7,1,67,PDF_CHUNK68,PDF_CHUNK47
7,1,68,PDF_CHUNK69,PDF_CHUNK48
7,1,69,PDF_CHUNK70,PDF_CHUNK49
7,1,70,PDF_CHUNK71,PDF_CHUNK50
8,1,71,PDF_CHUNK72,PDF_CHUNK51
8,1,72,PDF_CHUNK73,PDF_CHUNK52
8,1,73,PDF_CHUNK74,PDF_CHUNK53
8,1,74,PDF_CHUNK75,PDF_CHUNK54
8,1,75,PDF_CHUNK76,PDF_CHUNK55
8,1,76,PDF_CHUNK76,PDF_CHUNK56
8,1,77,PDF_CHUNK77,PDF_CHUNK57
8,1,78,PDF_CHUNK78,PDF_CHUNK58
8,1,79,PDF_CHUNK79,PDF_CHUNK59
8,1,80,PDF_CHUNK80,PDF_CHUNK60
1,2,81,PDF_CHUNK1,ROOT_PDF_CHUNK2
1,2,82,PDF_CHUNK2,ROOT_PDF_CHUNK2
1,2,83,PDF_CHUNK3,ROOT_PDF_CHUNK2
1,2,84,PDF_CHUNK4,ROOT_PDF_CHUNK2
1,2,85,PDF_CHUNK5,ROOT_PDF_CHUNK2
1,2,86,PDF_CHUNK6,ROOT_PDF_CHUNK2
1,2,87,PDF_CHUNK7,ROOT_PDF_CHUNK2
1,2,88,PDF_CHUNK8,ROOT_PDF_CHUNK2
1,2,89,PDF_CHUNK9,ROOT_PDF_CHUNK2
1,2,90,PDF_CHUNK10,ROOT_PDF_CHUNK2
2,2,91,PDF_CHUNK11,ROOT_PDF_CHUNK2
2,2,92,PDF_CHUNK12,ROOT_PDF_CHUNK2
2,2,93,PDF_CHUNK13,ROOT_PDF_CHUNK2
2,2,94,PDF_CHUNK14,ROOT_PDF_CHUNK2
2,2,95,PDF_CHUNK15,ROOT_PDF_CHUNK2
2,2,96,PDF_CHUNK16,ROOT_PDF_CHUNK2
2,2,97,PDF_CHUNK17,ROOT_PDF_CHUNK2
2,2,98,PDF_CHUNK18,ROOT_PDF_CHUNK2
2,2,99,PDF_CHUNK19,ROOT_PDF_CHUNK2
2,2,100,PDF_CHUNK20,ROOT_PDF_CHUNK2
3,2,101,PDF_CHUNK21,PDF_CHUNK1
3,2,102,PDF_CHUNK22,PDF_CHUNK2
3,2,103,PDF_CHUNK23,PDF_CHUNK3
3,2,104,PDF_CHUNK24,PDF_CHUNK4
3,2,105,PDF_CHUNK25,PDF_CHUNK5
3,2,106,PDF_CHUNK26,PDF_CHUNK6
3,2,107,PDF_CHUNK27,PDF_CHUNK7
3,2,108,PDF_CHUNK28,PDF_CHUNK8
3,2,109,PDF_CHUNK29,PDF_CHUNK9
3,2,110,PDF_CHUNK30,PDF_CHUNK10
4,2,111,PDF_CHUNK31,PDF_CHUNK11
4,2,112,PDF_CHUNK32,PDF_CHUNK12
4,2,113,PDF_CHUNK33,PDF_CHUNK13
4,2,114,PDF_CHUNK34,PDF_CHUNK14
4,2,115,PDF_CHUNK35,PDF_CHUNK15
4,2,116,PDF_CHUNK36,PDF_CHUNK16
4,2,117,PDF_CHUNK37,PDF_CHUNK17
4,2,118,PDF_CHUNK38,PDF_CHUNK18
4,2,119,PDF_CHUNK39,PDF_CHUNK19
4,2,120,PDF_CHUNK40,PDF_CHUNK20
5,2,121,PDF_CHUNK41,PDF_CHUNK21
5,2,122,PDF_CHUNK42,PDF_CHUNK22
5,2,123,PDF_CHUNK43,PDF_CHUNK23
5,2,124,PDF_CHUNK44,PDF_CHUNK24
5,2,125,PDF_CHUNK45,PDF_CHUNK25
5,2,126,PDF_CHUNK46,PDF_CHUNK26
5,2,127,PDF_CHUNK47,PDF_CHUNK27
5,2,128,PDF_CHUNK48,PDF_CHUNK28
5,2,129,PDF_CHUNK49,PDF_CHUNK29
5,2,130,PDF_CHUNK50,PDF_CHUNK30
6,2,131,PDF_CHUNK51,PDF_CHUNK31
6,2,132,PDF_CHUNK52,PDF_CHUNK32
6,2,133,PDF_CHUNK53,PDF_CHUNK33
6,2,134,PDF_CHUNK54,PDF_CHUNK34
6,2,135,PDF_CHUNK55,PDF_CHUNK35
6,2,136,PDF_CHUNK56,PDF_CHUNK36
6,2,137,PDF_CHUNK57,PDF_CHUNK37
6,2,138,PDF_CHUNK58,PDF_CHUNK38
6,2,139,PDF_CHUNK59,PDF_CHUNK39
6,2,140,PDF_CHUNK60,PDF_CHUNK40
7,2,141,PDF_CHUNK62,PDF_CHUNK41
7,2,142,PDF_CHUNK63,PDF_CHUNK42
7,2,143,PDF_CHUNK64,PDF_CHUNK43
7,2,144,PDF_CHUNK65,PDF_CHUNK44
7,2,145,PDF_CHUNK66,PDF_CHUNK45
7,2,146,PDF_CHUNK67,PDF_CHUNK46
7,2,147,PDF_CHUNK68,PDF_CHUNK47
7,2,148,PDF_CHUNK69,PDF_CHUNK48
7,2,149,PDF_CHUNK70,PDF_CHUNK49
7,2,150,PDF_CHUNK71,PDF_CHUNK50
8,2,151,PDF_CHUNK72,PDF_CHUNK51
8,2,152,PDF_CHUNK73,PDF_CHUNK52
8,2,153,PDF_CHUNK74,PDF_CHUNK53
8,2,154,PDF_CHUNK75,PDF_CHUNK54
8,2,155,PDF_CHUNK76,PDF_CHUNK55
8,2,156,PDF_CHUNK76,PDF_CHUNK56
8,2,157,PDF_CHUNK77,PDF_CHUNK57
8,2,158,PDF_CHUNK78,PDF_CHUNK58
8,2,159,PDF_CHUNK79,PDF_CHUNK59
8,2,160,PDF_CHUNK80,PDF_CHUNK60
1,3,161,PDF_CHUNK1,ROOT_PDF_CHUNK3
1,3,162,PDF_CHUNK2,ROOT_PDF_CHUNK3
1,3,163,PDF_CHUNK3,ROOT_PDF_CHUNK3
1,3,164,PDF_CHUNK4,ROOT_PDF_CHUNK3
1,3,165,PDF_CHUNK5,ROOT_PDF_CHUNK3
1,3,166,PDF_CHUNK6,ROOT_PDF_CHUNK3
1,3,167,PDF_CHUNK7,ROOT_PDF_CHUNK3
1,3,168,PDF_CHUNK8,ROOT_PDF_CHUNK3
1,3,169,PDF_CHUNK9,ROOT_PDF_CHUNK3
1,3,170,PDF_CHUNK10,ROOT_PDF_CHUNK3
2,3,171,PDF_CHUNK11,ROOT_PDF_CHUNK3
2,3,172,PDF_CHUNK12,ROOT_PDF_CHUNK3
2,3,173,PDF_CHUNK13,ROOT_PDF_CHUNK3
2,3,174,PDF_CHUNK14,ROOT_PDF_CHUNK3
2,3,175,PDF_CHUNK15,ROOT_PDF_CHUNK3
2,3,176,PDF_CHUNK16,ROOT_PDF_CHUNK3
2,3,177,PDF_CHUNK17,ROOT_PDF_CHUNK3
2,3,178,PDF_CHUNK18,ROOT_PDF_CHUNK3
2,3,179,PDF_CHUNK19,ROOT_PDF_CHUNK3
2,3,180,PDF_CHUNK20,ROOT_PDF_CHUNK3
3,3,181,PDF_CHUNK21,PDF_CHUNK1
3,3,182,PDF_CHUNK22,PDF_CHUNK2
3,3,183,PDF_CHUNK23,PDF_CHUNK3
3,3,184,PDF_CHUNK24,PDF_CHUNK4
3,3,185,PDF_CHUNK25,PDF_CHUNK5
3,3,186,PDF_CHUNK26,PDF_CHUNK6
3,3,187,PDF_CHUNK27,PDF_CHUNK7
3,3,188,PDF_CHUNK28,PDF_CHUNK8
3,3,189,PDF_CHUNK29,PDF_CHUNK9
3,3,190,PDF_CHUNK30,PDF_CHUNK10
4,3,191,PDF_CHUNK31,PDF_CHUNK11
4,3,192,PDF_CHUNK32,PDF_CHUNK12
4,3,193,PDF_CHUNK33,PDF_CHUNK13
4,3,194,PDF_CHUNK34,PDF_CHUNK14
4,3,195,PDF_CHUNK35,PDF_CHUNK15
4,3,196,PDF_CHUNK36,PDF_CHUNK16
4,3,197,PDF_CHUNK37,PDF_CHUNK17
4,3,198,PDF_CHUNK38,PDF_CHUNK18
4,3,199,PDF_CHUNK39,PDF_CHUNK19
4,3,200,PDF_CHUNK40,PDF_CHUNK20
5,3,201,PDF_CHUNK41,PDF_CHUNK21
5,3,202,PDF_CHUNK42,PDF_CHUNK22
5,3,203,PDF_CHUNK43,PDF_CHUNK23
5,3,204,PDF_CHUNK44,PDF_CHUNK24
5,3,205,PDF_CHUNK45,PDF_CHUNK25
5,3,206,PDF_CHUNK46,PDF_CHUNK26
5,3,207,PDF_CHUNK47,PDF_CHUNK27
5,3,208,PDF_CHUNK48,PDF_CHUNK28
5,3,209,PDF_CHUNK49,PDF_CHUNK29
5,3,210,PDF_CHUNK50,PDF_CHUNK30
6,3,211,PDF_CHUNK51,PDF_CHUNK31
6,3,212,PDF_CHUNK52,PDF_CHUNK32
6,3,213,PDF_CHUNK53,PDF_CHUNK33
6,3,214,PDF_CHUNK54,PDF_CHUNK34
6,3,215,PDF_CHUNK55,PDF_CHUNK35
6,3,216,PDF_CHUNK56,PDF_CHUNK36
6,3,217,PDF_CHUNK57,PDF_CHUNK37
6,3,218,PDF_CHUNK58,PDF_CHUNK38
6,3,219,PDF_CHUNK59,PDF_CHUNK39
6,3,220,PDF_CHUNK60,PDF_CHUNK40
7,3,221,PDF_CHUNK62,PDF_CHUNK41
7,3,222,PDF_CHUNK63,PDF_CHUNK42
7,3,223,PDF_CHUNK64,PDF_CHUNK43
7,3,224,PDF_CHUNK65,PDF_CHUNK44
7,3,225,PDF_CHUNK66,PDF_CHUNK45
7,3,226,PDF_CHUNK67,PDF_CHUNK46
7,3,227,PDF_CHUNK68,PDF_CHUNK47
7,3,228,PDF_CHUNK69,PDF_CHUNK48
7,3,229,PDF_CHUNK70,PDF_CHUNK49
7,3,230,PDF_CHUNK71,PDF_CHUNK50
8,3,231,PDF_CHUNK72,PDF_CHUNK51
8,3,232,PDF_CHUNK73,PDF_CHUNK52
8,3,233,PDF_CHUNK74,PDF_CHUNK53
8,3,234,PDF_CHUNK75,PDF_CHUNK54
8,3,235,PDF_CHUNK76,PDF_CHUNK55
8,3,236,PDF_CHUNK76,PDF_CHUNK56
8,3,237,PDF_CHUNK77,PDF_CHUNK57
8,3,238,PDF_CHUNK78,PDF_CHUNK58
8,3,239,PDF_CHUNK79,PDF_CHUNK59
8,3,240,PDF_CHUNK80,PDF_CHUNK60
1,4,241,PDF_CHUNK1,ROOT_PDF_CHUNK4
1,4,242,PDF_CHUNK2,ROOT_PDF_CHUNK4
1,4,243,PDF_CHUNK3,ROOT_PDF_CHUNK4
1,4,244,PDF_CHUNK4,ROOT_PDF_CHUNK4
1,4,245,PDF_CHUNK5,ROOT_PDF_CHUNK4
1,4,246,PDF_CHUNK6,ROOT_PDF_CHUNK4
1,4,247,PDF_CHUNK7,ROOT_PDF_CHUNK4
1,4,248,PDF_CHUNK8,ROOT_PDF_CHUNK4
1,4,249,PDF_CHUNK9,ROOT_PDF_CHUNK4
1,4,250,PDF_CHUNK10,ROOT_PDF_CHUNK4
2,4,251,PDF_CHUNK11,ROOT_PDF_CHUNK4
2,4,252,PDF_CHUNK12,ROOT_PDF_CHUNK4
2,4,253,PDF_CHUNK13,ROOT_PDF_CHUNK4
2,4,254,PDF_CHUNK14,ROOT_PDF_CHUNK4
2,4,255,PDF_CHUNK15,ROOT_PDF_CHUNK4
2,4,256,PDF_CHUNK16,ROOT_PDF_CHUNK4
2,4,257,PDF_CHUNK17,ROOT_PDF_CHUNK4
2,4,258,PDF_CHUNK18,ROOT_PDF_CHUNK4
2,4,259,PDF_CHUNK19,ROOT_PDF_CHUNK4
2,4,260,PDF_CHUNK20,ROOT_PDF_CHUNK4
3,4,261,PDF_CHUNK21,PDF_CHUNK1
3,4,262,PDF_CHUNK22,PDF_CHUNK2
3,4,263,PDF_CHUNK23,PDF_CHUNK3
3,4,264,PDF_CHUNK24,PDF_CHUNK4
3,4,265,PDF_CHUNK25,PDF_CHUNK5
3,4,266,PDF_CHUNK26,PDF_CHUNK6
3,4,267,PDF_CHUNK27,PDF_CHUNK7
3,4,268,PDF_CHUNK28,PDF_CHUNK8
3,4,269,PDF_CHUNK29,PDF_CHUNK9
3,4,270,PDF_CHUNK30,PDF_CHUNK10
4,4,271,PDF_CHUNK31,PDF_CHUNK11
4,4,272,PDF_CHUNK32,PDF_CHUNK12
4,4,273,PDF_CHUNK33,PDF_CHUNK13
4,4,274,PDF_CHUNK34,PDF_CHUNK14
4,4,275,PDF_CHUNK35,PDF_CHUNK15
4,4,276,PDF_CHUNK36,PDF_CHUNK16
4,4,277,PDF_CHUNK37,PDF_CHUNK17
4,4,278,PDF_CHUNK38,PDF_CHUNK18
4,4,279,PDF_CHUNK39,PDF_CHUNK19
4,4,280,PDF_CHUNK40,PDF_CHUNK20
5,4,281,PDF_CHUNK41,PDF_CHUNK21
5,4,282,PDF_CHUNK42,PDF_CHUNK22
5,4,283,PDF_CHUNK43,PDF_CHUNK23
5,4,284,PDF_CHUNK44,PDF_CHUNK24
5,4,285,PDF_CHUNK45,PDF_CHUNK25
5,4,286,PDF_CHUNK46,PDF_CHUNK26
5,4,287,PDF_CHUNK47,PDF_CHUNK27
5,4,288,PDF_CHUNK48,PDF_CHUNK28
5,4,289,PDF_CHUNK49,PDF_CHUNK29
5,4,290,PDF_CHUNK50,PDF_CHUNK30
6,4,291,PDF_CHUNK51,PDF_CHUNK31
6,4,292,PDF_CHUNK52,PDF_CHUNK32
6,4,293,PDF_CHUNK53,PDF_CHUNK33
6,4,294,PDF_CHUNK54,PDF_CHUNK34
6,4,295,PDF_CHUNK55,PDF_CHUNK35
6,4,296,PDF_CHUNK56,PDF_CHUNK36
6,4,297,PDF_CHUNK57,PDF_CHUNK37
6,4,298,PDF_CHUNK58,PDF_CHUNK38
6,4,299,PDF_CHUNK59,PDF_CHUNK39
6,4,300,PDF_CHUNK60,PDF_CHUNK40
7,4,301,PDF_CHUNK62,PDF_CHUNK41
7,4,302,PDF_CHUNK63,PDF_CHUNK42
7,4,303,PDF_CHUNK64,PDF_CHUNK43
7,4,304,PDF_CHUNK65,PDF_CHUNK44
7,4,305,PDF_CHUNK66,PDF_CHUNK45
7,4,306,PDF_CHUNK67,PDF_CHUNK46
7,4,307,PDF_CHUNK68,PDF_CHUNK47
7,4,308,PDF_CHUNK69,PDF_CHUNK48
7,4,309,PDF_CHUNK70,PDF_CHUNK49
7,4,310,PDF_CHUNK71,PDF_CHUNK50
8,4,311,PDF_CHUNK72,PDF_CHUNK51
8,4,312,PDF_CHUNK73,PDF_CHUNK52
8,4,313,PDF_CHUNK74,PDF_CHUNK53
8,4,314,PDF_CHUNK75,PDF_CHUNK54
8,4,315,PDF_CHUNK76,PDF_CHUNK55
8,4,316,PDF_CHUNK76,PDF_CHUNK56
8,4,317,PDF_CHUNK77,PDF_CHUNK57
8,4,318,PDF_CHUNK78,PDF_CHUNK58
8,4,319,PDF_CHUNK79,PDF_CHUNK59
8,4,320,PDF_CHUNK80,PDF_CHUNK60
1,5,321,PDF_CHUNK1,ROOT_PDF_CHUNK5
1,5,322,PDF_CHUNK2,ROOT_PDF_CHUNK5
1,5,323,PDF_CHUNK3,ROOT_PDF_CHUNK5
1,5,324,PDF_CHUNK4,ROOT_PDF_CHUNK5
1,5,325,PDF_CHUNK5,ROOT_PDF_CHUNK5
1,5,326,PDF_CHUNK6,ROOT_PDF_CHUNK5
1,5,327,PDF_CHUNK7,ROOT_PDF_CHUNK5
1,5,328,PDF_CHUNK8,ROOT_PDF_CHUNK5
1,5,329,PDF_CHUNK9,ROOT_PDF_CHUNK5
1,5,330,PDF_CHUNK10,ROOT_PDF_CHUNK5
2,5,331,PDF_CHUNK11,ROOT_PDF_CHUNK5
2,5,332,PDF_CHUNK12,ROOT_PDF_CHUNK5
2,5,333,PDF_CHUNK13,ROOT_PDF_CHUNK5
2,5,334,PDF_CHUNK14,ROOT_PDF_CHUNK5
2,5,335,PDF_CHUNK15,ROOT_PDF_CHUNK5
2,5,336,PDF_CHUNK16,ROOT_PDF_CHUNK5
2,5,337,PDF_CHUNK17,ROOT_PDF_CHUNK5
2,5,338,PDF_CHUNK18,ROOT_PDF_CHUNK5
2,5,339,PDF_CHUNK19,ROOT_PDF_CHUNK5
2,5,340,PDF_CHUNK20,ROOT_PDF_CHUNK5
3,5,341,PDF_CHUNK21,PDF_CHUNK1
3,5,342,PDF_CHUNK22,PDF_CHUNK2
3,5,343,PDF_CHUNK23,PDF_CHUNK3
3,5,344,PDF_CHUNK24,PDF_CHUNK4
3,5,345,PDF_CHUNK25,PDF_CHUNK5
3,5,346,PDF_CHUNK26,PDF_CHUNK6
3,5,347,PDF_CHUNK27,PDF_CHUNK7
3,5,348,PDF_CHUNK28,PDF_CHUNK8
3,5,349,PDF_CHUNK29,PDF_CHUNK9
3,5,350,PDF_CHUNK30,PDF_CHUNK10
4,5,351,PDF_CHUNK31,PDF_CHUNK11
4,5,352,PDF_CHUNK32,PDF_CHUNK12
4,5,353,PDF_CHUNK33,PDF_CHUNK13
4,5,354,PDF_CHUNK34,PDF_CHUNK14
4,5,355,PDF_CHUNK35,PDF_CHUNK15
4,5,356,PDF_CHUNK36,PDF_CHUNK16
4,5,357,PDF_CHUNK37,PDF_CHUNK17
4,5,358,PDF_CHUNK38,PDF_CHUNK18
4,5,359,PDF_CHUNK39,PDF_CHUNK19
4,5,360,PDF_CHUNK40,PDF_CHUNK20
5,5,361,PDF_CHUNK41,PDF_CHUNK21
5,5,362,PDF_CHUNK42,PDF_CHUNK22
5,5,363,PDF_CHUNK43,PDF_CHUNK23
5,5,364,PDF_CHUNK44,PDF_CHUNK24
5,5,365,PDF_CHUNK45,PDF_CHUNK25
5,5,366,PDF_CHUNK46,PDF_CHUNK26
5,5,367,PDF_CHUNK47,PDF_CHUNK27
5,5,368,PDF_CHUNK48,PDF_CHUNK28
5,5,369,PDF_CHUNK49,PDF_CHUNK29
5,5,370,PDF_CHUNK50,PDF_CHUNK30
6,5,371,PDF_CHUNK51,PDF_CHUNK31
6,5,372,PDF_CHUNK52,PDF_CHUNK32
6,5,373,PDF_CHUNK53,PDF_CHUNK33
6,5,374,PDF_CHUNK54,PDF_CHUNK34
6,5,375,PDF_CHUNK55,PDF_CHUNK35
6,5,376,PDF_CHUNK56,PDF_CHUNK36
6,5,377,PDF_CHUNK57,PDF_CHUNK37
6,5,378,PDF_CHUNK58,PDF_CHUNK38
6,5,379,PDF_CHUNK59,PDF_CHUNK39
6,5,380,PDF_CHUNK60,PDF_CHUNK40
7,5,381,PDF_CHUNK62,PDF_CHUNK41
7,5,382,PDF_CHUNK63,PDF_CHUNK42
7,5,383,PDF_CHUNK64,PDF_CHUNK43
7,5,384,PDF_CHUNK65,PDF_CHUNK44
7,5,385,PDF_CHUNK66,PDF_CHUNK45
7,5,386,PDF_CHUNK67,PDF_CHUNK46
7,5,387,PDF_CHUNK68,PDF_CHUNK47
7,5,388,PDF_CHUNK69,PDF_CHUNK48
7,5,389,PDF_CHUNK70,PDF_CHUNK49
7,5,390,PDF_CHUNK71,PDF_CHUNK50
8,5,391,PDF_CHUNK72,PDF_CHUNK51
8,5,392,PDF_CHUNK73,PDF_CHUNK52
8,5,393,PDF_CHUNK74,PDF_CHUNK53
8,5,394,PDF_CHUNK75,PDF_CHUNK54
8,5,395,PDF_CHUNK76,PDF_CHUNK55
8,5,396,PDF_CHUNK76,PDF_CHUNK56
8,5,397,PDF_CHUNK77,PDF_CHUNK57
8,5,398,PDF_CHUNK78,PDF_CHUNK58
8,5,399,PDF_CHUNK79,PDF_CHUNK59
8,5,400,PDF_CHUNK80,PDF_CHUNK60